{"name":"0d6875a1-c343-f8c1-7501-2d99d090718b","id":"/providers/Microsoft.Flow/flows/0d6875a1-c343-f8c1-7501-2d99d090718b","type":"Microsoft.Flow/flows","properties":{"apiId":"/providers/Microsoft.PowerApps/apis/shared_logicflows","displayName":"SendEventPhoto","definition":{"metadata":{"workflowEntityId":"0603baeb-4f15-ec11-b6e6-000d3ada74a2","processAdvisorMetadata":null,"flowclientsuspensionreason":"None","flowclientsuspensiontime":null,"creator":{"id":"a8d122ba-d7ba-4e90-b1a2-02e2d7578a26","type":"User","tenantId":"18f459d7-049e-4645-8567-d0c65eeef42e"},"provisioningMethod":"FromDefinition","failureAlertSubscription":true,"clientLastModifiedTime":"2021-09-14T11:57:33.8787385Z"},"$schema":"https://schema.management.azure.com/providers/Microsoft.Logic/schemas/2016-06-01/workflowdefinition.json#","contentVersion":"1.0.0.0","parameters":{"$connections":{"defaultValue":{},"type":"Object"},"$authentication":{"defaultValue":{},"type":"SecureObject"},"EventPhoto site":{"defaultValue":"https://maboejtest.sharepoint.com/sites/Danfoss","type":"String","metadata":{"schemaName":"maboej_shared_sharepointonline_184f718afb6d449b90f1f37c1b319fa5"}}},"triggers":{"manual":{"type":"Request","kind":"PowerApp","inputs":{"schema":{"type":"object","properties":{"Createfile_FileName":{"type":"string","description":"Name of the file.. This parameter is used as part of \"C24994FC-36A9-4810-BDB6-186095FB611B\"","x-ms-powerflows-param-ispartial":true},"Createfile_FileContent":{"type":"string","format":"binary","description":"Content of the file.","x-ms-powerflows-param-ispartial":false}},"required":["Createfile_FileName","Createfile_FileContent"]}}}},"actions":{"Create_file":{"runAfter":{},"type":"OpenApiConnection","inputs":{"host":{"apiId":"/providers/Microsoft.PowerApps/apis/shared_sharepointonline","connectionName":"shared_sharepointonline_1","operationId":"CreateFile"},"parameters":{"dataset":"@parameters('EventPhoto site')","folderPath":"/Event Photo","name":"@{triggerBody()['Createfile_FileName']}..png","body":"@dataUriToBinary(triggerBody()['Createfile_FileContent'])"},"authentication":{"value":"@json(decodeBase64(triggerOutputs().headers['X-MS-APIM-Tokens']))['$ConnectionKey']","type":"Raw"}},"runtimeConfiguration":{"contentTransfer":{"transferMode":"Chunked"}}}},"outputs":{}},"connectionReferences":{"shared_sharepointonline_1":{"connectionName":"shared-sharepointonl-f05f2ac9-28bc-4e9b-889a-bfd9-b678e919","source":"Invoker","id":"/providers/Microsoft.PowerApps/apis/shared_sharepointonline","tier":"NotSpecified"}},"flowFailureAlertSubscribed":false}}