{"schemaVersion":"1.0","appDefinitionTemplate":{"id":"/providers/Microsoft.PowerApps/apps/","type":"Microsoft.PowerApps/apps","tags":{"primaryDeviceWidth":"640","primaryDeviceHeight":"1136","sienaVersion":"20210914T130935Z-3.21085.24.0","deviceCapabilities":"webcam","supportsPortrait":"true","supportsLandscape":"true","primaryFormFactor":"Phone","publisherVersion":"3.21085.24","minimumRequiredApiVersion":"2.2.0","hasComponent":"false","hasUnlockedComponent":"false","isUnifiedRootApp":"false"},"properties":{"appVersion":"2021-09-14T13:09:35Z","lifeCycleId":"Published","createdByClientVersion":{"major":3,"minor":21085,"build":24,"revision":0,"majorRevision":0,"minorRevision":0},"minClientVersion":{"major":3,"minor":21085,"build":24,"revision":0,"majorRevision":0,"minorRevision":0},"backgroundColor":"rgba(0, 176, 240, 1)","backgroundImageUri":"/6515782752517360454/N1bdf3bd8-3b4c-47e5-bc5f-905564855695-logoSmallFile","displayName":"Event Photo Upload","description":"","commitMessage":"","appUris":{"documentUri":{"value":"/6515782752517360454/Na9b90c4f-4600-419a-af7a-ee1609271f68-document.msapp"},"imageUris":[]},"createdTime":"0001-01-01T00:00:00Z","lastModifiedTime":"0001-01-01T00:00:00Z","sharedGroupsCount":0,"sharedUsersCount":0,"icons":{"smallIconUri":"/6515782752517360454/N18964f2f-3d2e-4ecd-bdab-5c19a19896d8-small.png","mediumIconUri":"/6515782752517360454/Nd9ffe558-a017-4772-81b8-7278403ab69c-medium.png","largeIconUri":"/6515782752517360454/N59ce19b8-f58a-4f0d-a268-77d717a1dbff-large.png","wideIconUri":"/6515782752517360454/Ndddf52b7-4c5c-40e3-99aa-2482c955e0c5-wide.png"},"connectionReferences":{"a1342330-7432-4192-b4d6-192dd314eafd":{"id":"87a1fafb-d751-46bf-ad36-0b1f32bc6975","displayName":"SharePoint","iconUri":"https://connectoricons-prod.azureedge.net/releases/v1.0.1487/1.0.1487.2472/sharepointonline/icon.png","dataSources":["Event Photo"],"dependencies":[],"dependents":[],"parameterHints":{},"parameterHintsV2":{},"isOnPremiseConnection":false,"bypassConsent":false,"dataSets":{"https://maboejtest.sharepoint.com/sites/Danfoss":{"datasetOverride":{"name":"https://maboejtest.sharepoint.com/sites/Danfoss","environmentVariableName":"maboej_shared_sharepointonline_184f718afb6d449b90f1f37c1b319fa5"},"dataSources":{"Event Photo":{"tableName":"2b94dda8-2847-41cc-9ea3-93f33164a373","tableNameOverride":{"name":"2b94dda8-2847-41cc-9ea3-93f33164a373","environmentVariableName":"maboej_shared_sharepointonline_6aa884efd1ae465abc8059a4ed2f1fd4"}}}}},"apiTier":"Standard","isCustomApiConnection":false,"actions":["providers/PowerPlatform.Governance/Operations/Read","providers/PowerPlatform.Governance/Operations/Delete"]},"d17fad43-2e19-440c-9486-00ded2d18928":{"id":"ce80b209-cd99-44d5-9d69-0e83288e1074","displayName":"Logic flows","iconUri":"https://connectoricons-prod.azureedge.net/releases/v1.0.1438/1.0.1438.2324/logicflows/icon.png","dataSources":["SendEventPhoto"],"dependencies":["76baf555-1050-4feb-864d-ddc646d8f61c"],"dependents":[],"parameterHints":{"workflowName":{"value":"7e84f673-fd1a-452b-b331-22f13ed79bc7"},"workflowEntityId":{"value":"0603baeb-4f15-ec11-b6e6-000d3ada74a2"},"76baf555-1050-4feb-864d-ddc646d8f61c":{"value":"shared_sharepointonline_1"}},"parameterHintsV2":{"workflowName":{"value":"7e84f673-fd1a-452b-b331-22f13ed79bc7"},"workflowEntityId":{"value":"0603baeb-4f15-ec11-b6e6-000d3ada74a2"},"shared_sharepointonline_1":{"value":"76baf555-1050-4feb-864d-ddc646d8f61c"}},"isOnPremiseConnection":false,"bypassConsent":false,"dataSets":{},"apiTier":"Standard","isCustomApiConnection":false,"actions":["Run"]},"76baf555-1050-4feb-864d-ddc646d8f61c":{"id":"87a1fafb-d751-46bf-ad36-0b1f32bc6975","displayName":"SharePoint","iconUri":"https://connectoricons-prod.azureedge.net/releases/v1.0.1487/1.0.1487.2472/sharepointonline/icon.png","dataSources":[],"dependencies":[],"dependents":["d17fad43-2e19-440c-9486-00ded2d18928"],"parameterHints":{},"parameterHintsV2":{},"isOnPremiseConnection":false,"bypassConsent":false,"dataSets":{},"apiTier":"Standard","isCustomApiConnection":false,"actions":["providers/PowerPlatform.Governance/Operations/Read","providers/PowerPlatform.Governance/Operations/Delete"]}},"databaseReferences":{},"almMode":"Solution","performanceOptimizationEnabled":true,"canConsumeAppPass":true,"executionRestrictions":{"isTeamsOnly":false,"dataLossPreventionEvaluationResult":{"status":"Compliant","lastEvaluationDate":"2021-09-14T11:32:57.7763833Z","violations":[],"violationsByPolicy":[],"violationErrorMessage":"The app uses the following connectors: shared_sharepointonline."}}},"appType":"ClassicCanvasApp","appComponents":[]}}