{"schemaVersion":"1.0","appDefinitionTemplate":{"id":"/providers/Microsoft.PowerApps/apps/","type":"Microsoft.PowerApps/apps","tags":{"primaryDeviceWidth":"1366","primaryDeviceHeight":"768","sienaVersion":"20210914T103216Z-3.21085.24.0","deviceCapabilities":"","supportsPortrait":"true","supportsLandscape":"true","primaryFormFactor":"Tablet","publisherVersion":"3.21085.24","minimumRequiredApiVersion":"2.2.0","hasComponent":"false","hasUnlockedComponent":"false","isUnifiedRootApp":"false"},"properties":{"appVersion":"2021-09-14T10:32:16Z","lifeCycleId":"Published","createdByClientVersion":{"major":3,"minor":21085,"build":24,"revision":0,"majorRevision":0,"minorRevision":0},"minClientVersion":{"major":3,"minor":21085,"build":24,"revision":0,"majorRevision":0,"minorRevision":0},"backgroundColor":"rgba(0, 176, 240, 1)","backgroundImageUri":"/12355849619419772307/N2a33e449-f20b-451c-88f3-47a2642a9e32-logoSmallFile","displayName":"Event Photo Display","description":"","commitMessage":"","appUris":{"documentUri":{"value":"/12355849619419772307/N9f4630ee-fbd0-4ba4-a6e4-e1cc8bf553d3-document.msapp"},"imageUris":[]},"createdTime":"0001-01-01T00:00:00Z","lastModifiedTime":"0001-01-01T00:00:00Z","sharedGroupsCount":0,"sharedUsersCount":0,"icons":{"smallIconUri":"/12355849619419772307/Na27c26ac-a953-4867-a831-47444d43e698-small.png","mediumIconUri":"/12355849619419772307/N882fa1d7-da23-4839-a95e-d59c1f6eb07f-medium.png","largeIconUri":"/12355849619419772307/N61e5335a-d063-4064-8260-30cd42ac884b-large.png","wideIconUri":"/12355849619419772307/N2b787ed0-d1d2-422f-97be-b1944b7206e9-wide.png"},"connectionReferences":{"5bdc14a8-b049-4a90-ba1e-c9d24f3320b4":{"id":"87a1fafb-d751-46bf-ad36-0b1f32bc6975","displayName":"SharePoint","iconUri":"https://connectoricons-prod.azureedge.net/releases/v1.0.1487/1.0.1487.2472/sharepointonline/icon.png","dataSources":["Event Photo"],"dependencies":[],"dependents":[],"parameterHints":{},"parameterHintsV2":{},"isOnPremiseConnection":false,"bypassConsent":false,"dataSets":{"https://maboejtest.sharepoint.com/sites/Danfoss":{"datasetOverride":{"environmentVariableName":"maboej_shared_sharepointonline_184f718afb6d449b90f1f37c1b319fa5"},"dataSources":{"Event Photo":{"tableName":"2b94dda8-2847-41cc-9ea3-93f33164a373","tableNameOverride":{"environmentVariableName":"maboej_shared_sharepointonline_6aa884efd1ae465abc8059a4ed2f1fd4"}}}}},"apiTier":"Standard","isCustomApiConnection":false,"actions":["providers/PowerPlatform.Governance/Operations/Read"]}},"databaseReferences":{},"almMode":"Solution","performanceOptimizationEnabled":true,"canConsumeAppPass":true,"executionRestrictions":{"isTeamsOnly":false,"dataLossPreventionEvaluationResult":{"status":"Compliant","lastEvaluationDate":"2021-09-14T08:18:10.0351767Z","violations":[],"violationsByPolicy":[],"violationErrorMessage":"The app uses the following connectors: shared_sharepointonline."}}},"appType":"ClassicCanvasApp","appComponents":[]}}